,Kingdom,Phylum,Class,Order,Family,Genus,Species
OTU1,Unassigned,__,__,__,__,__,
OTU2,k__Archaea,p__Euryarchaeota,c__Methanobacteria,o__Methanobacteriales,f__Methanobacteriaceae,g__Methanobrevibacter,
OTU3,k__Archaea,p__Euryarchaeota,c__Methanobacteria,o__Methanobacteriales,f__Methanobacteriaceae,g__Methanosphaera,
OTU4,k__Bacteria,__,__,__,__,__,
OTU5,k__Bacteria,p__Actinobacteria,c__Actinobacteria,o__Actinomycetales,f__Actinomycetaceae,g__Actinomyces,
OTU6,k__Bacteria,p__Actinobacteria,c__Actinobacteria,o__Bifidobacteriales,f__Bifidobacteriaceae,g__Alloscardovia,
OTU7,k__Bacteria,p__Actinobacteria,c__Actinobacteria,o__Bifidobacteriales,f__Bifidobacteriaceae,g__Bifidobacterium,
OTU8,k__Bacteria,p__Actinobacteria,c__Actinobacteria,o__Bifidobacteriales,f__Bifidobacteriaceae,g__Gardnerella,
OTU9,k__Bacteria,p__Actinobacteria,c__Actinobacteria,o__Corynebacteriales,f__Corynebacteriaceae,g__Corynebacterium,
OTU10,k__Bacteria,p__Actinobacteria,c__Actinobacteria,o__Corynebacteriales,f__Corynebacteriaceae,g__Corynebacterium 1,
OTU11,k__Bacteria,p__Actinobacteria,c__Actinobacteria,o__Corynebacteriales,f__Corynebacteriaceae,g__Lawsonella,
OTU12,k__Bacteria,p__Actinobacteria,c__Actinobacteria,o__Corynebacteriales,f__Nocardiaceae,g__Rhodococcus,
OTU13,k__Bacteria,p__Actinobacteria,c__Actinobacteria,o__Micrococcales,f__Microbacteriaceae,g__Leifsonia,
OTU14,k__Bacteria,p__Actinobacteria,c__Actinobacteria,o__Micrococcales,f__Micrococcaceae,g__Kocuria,
OTU15,k__Bacteria,p__Actinobacteria,c__Actinobacteria,o__Micrococcales,f__Micrococcaceae,g__Rothia,
OTU16,k__Bacteria,p__Actinobacteria,c__Coriobacteriia,o__Coriobacteriales,f__Atopobiaceae,g__Atopobium,
OTU17,k__Bacteria,p__Actinobacteria,c__Coriobacteriia,o__Coriobacteriales,f__Atopobiaceae,g__Olsenella,
OTU18,k__Bacteria,p__Actinobacteria,c__Coriobacteriia,o__Coriobacteriales,f__Atopobiaceae,g__uncultured,
OTU19,k__Bacteria,p__Actinobacteria,c__Coriobacteriia,o__Coriobacteriales,f__Coriobacteriaceae,g__Collinsella,
OTU20,k__Bacteria,p__Actinobacteria,c__Coriobacteriia,o__Coriobacteriales,f__Coriobacteriaceae,g__Enorma,
OTU21,k__Bacteria,p__Actinobacteria,c__Coriobacteriia,o__Coriobacteriales,f__Coriobacteriales Incertae Sedis,g__Raoultibacter,
OTU22,k__Bacteria,p__Actinobacteria,c__Coriobacteriia,o__Coriobacteriales,f__Coriobacteriales Incertae Sedis,g__uncultured,
OTU23,k__Bacteria,p__Actinobacteria,c__Coriobacteriia,o__Coriobacteriales,f__Eggerthellaceae,__,
OTU24,k__Bacteria,p__Actinobacteria,c__Coriobacteriia,o__Coriobacteriales,f__Eggerthellaceae,g__Adlercreutzia,
OTU25,k__Bacteria,p__Actinobacteria,c__Coriobacteriia,o__Coriobacteriales,f__Eggerthellaceae,g__CHKCI002,
OTU26,k__Bacteria,p__Actinobacteria,c__Coriobacteriia,o__Coriobacteriales,f__Eggerthellaceae,g__Eggerthella,
OTU27,k__Bacteria,p__Actinobacteria,c__Coriobacteriia,o__Coriobacteriales,f__Eggerthellaceae,g__Enterorhabdus,
OTU28,k__Bacteria,p__Actinobacteria,c__Coriobacteriia,o__Coriobacteriales,f__Eggerthellaceae,g__Gordonibacter,
OTU29,k__Bacteria,p__Actinobacteria,c__Coriobacteriia,o__Coriobacteriales,f__Eggerthellaceae,g__Paraeggerthella,
OTU30,k__Bacteria,p__Actinobacteria,c__Coriobacteriia,o__Coriobacteriales,f__Eggerthellaceae,g__Senegalimassilia,
OTU31,k__Bacteria,p__Actinobacteria,c__Coriobacteriia,o__Coriobacteriales,f__Eggerthellaceae,g__Slackia,
OTU32,k__Bacteria,p__Actinobacteria,c__Coriobacteriia,o__Coriobacteriales,f__Eggerthellaceae,g__uncultured,
OTU33,k__Bacteria,p__Actinobacteria,c__Coriobacteriia,o__Coriobacteriales,f__uncultured,g__uncultured bacterium,
OTU34,k__Bacteria,p__Bacteroidetes,c__Bacteroidia,o__Bacteroidales,f__Bacteroidaceae,g__Bacteroides,
OTU35,k__Bacteria,p__Bacteroidetes,c__Bacteroidia,o__Bacteroidales,f__Barnesiellaceae,g__Barnesiella,
OTU36,k__Bacteria,p__Bacteroidetes,c__Bacteroidia,o__Bacteroidales,f__Barnesiellaceae,g__Coprobacter,
OTU37,k__Bacteria,p__Bacteroidetes,c__Bacteroidia,o__Bacteroidales,f__Dysgonomonadaceae,g__Dysgonomonas,
OTU38,k__Bacteria,p__Bacteroidetes,c__Bacteroidia,o__Bacteroidales,f__Marinifilaceae,g__Butyricimonas,
OTU39,k__Bacteria,p__Bacteroidetes,c__Bacteroidia,o__Bacteroidales,f__Marinifilaceae,g__Odoribacter,
OTU40,k__Bacteria,p__Bacteroidetes,c__Bacteroidia,o__Bacteroidales,f__Muribaculaceae,__,
OTU41,k__Bacteria,p__Bacteroidetes,c__Bacteroidia,o__Bacteroidales,f__Muribaculaceae,g__metagenome,
OTU42,k__Bacteria,p__Bacteroidetes,c__Bacteroidia,o__Bacteroidales,f__Muribaculaceae,g__uncultured Bacteroidales bacterium,
OTU43,k__Bacteria,p__Bacteroidetes,c__Bacteroidia,o__Bacteroidales,f__Muribaculaceae,g__uncultured Porphyromonadaceae bacterium,
OTU44,k__Bacteria,p__Bacteroidetes,c__Bacteroidia,o__Bacteroidales,f__Muribaculaceae,g__uncultured bacterium,
OTU45,k__Bacteria,p__Bacteroidetes,c__Bacteroidia,o__Bacteroidales,f__Muribaculaceae,g__uncultured organism,
OTU46,k__Bacteria,p__Bacteroidetes,c__Bacteroidia,o__Bacteroidales,f__Porphyromonadaceae,g__Porphyromonas,
OTU47,k__Bacteria,p__Bacteroidetes,c__Bacteroidia,o__Bacteroidales,f__Prevotellaceae,__,
OTU48,k__Bacteria,p__Bacteroidetes,c__Bacteroidia,o__Bacteroidales,f__Prevotellaceae,g__Alloprevotella,
OTU49,k__Bacteria,p__Bacteroidetes,c__Bacteroidia,o__Bacteroidales,f__Prevotellaceae,g__Paraprevotella,
OTU50,k__Bacteria,p__Bacteroidetes,c__Bacteroidia,o__Bacteroidales,f__Prevotellaceae,g__Prevotella,
OTU51,k__Bacteria,p__Bacteroidetes,c__Bacteroidia,o__Bacteroidales,f__Prevotellaceae,g__Prevotella 2,
OTU52,k__Bacteria,p__Bacteroidetes,c__Bacteroidia,o__Bacteroidales,f__Prevotellaceae,g__Prevotella 6,
OTU53,k__Bacteria,p__Bacteroidetes,c__Bacteroidia,o__Bacteroidales,f__Prevotellaceae,g__Prevotella 7,
OTU54,k__Bacteria,p__Bacteroidetes,c__Bacteroidia,o__Bacteroidales,f__Prevotellaceae,g__Prevotella 9,
OTU55,k__Bacteria,p__Bacteroidetes,c__Bacteroidia,o__Bacteroidales,f__Prevotellaceae,g__Prevotellaceae Ga6A1 group,
OTU56,k__Bacteria,p__Bacteroidetes,c__Bacteroidia,o__Bacteroidales,f__Prevotellaceae,g__Prevotellaceae NK3B31 group,
OTU57,k__Bacteria,p__Bacteroidetes,c__Bacteroidia,o__Bacteroidales,f__Prevotellaceae,g__Prevotellaceae UCG-003,
OTU58,k__Bacteria,p__Bacteroidetes,c__Bacteroidia,o__Bacteroidales,f__Prevotellaceae,g__uncultured,
OTU59,k__Bacteria,p__Bacteroidetes,c__Bacteroidia,o__Bacteroidales,f__Rikenellaceae,g__Alistipes,
OTU60,k__Bacteria,p__Bacteroidetes,c__Bacteroidia,o__Bacteroidales,f__Rikenellaceae,g__Rikenellaceae RC9 gut group,
OTU61,k__Bacteria,p__Bacteroidetes,c__Bacteroidia,o__Bacteroidales,f__Tannerellaceae,g__Parabacteroides,
OTU62,k__Bacteria,p__Bacteroidetes,c__Bacteroidia,o__Bacteroidales,f__uncultured,g__gut metagenome,
OTU63,k__Bacteria,p__Bacteroidetes,c__Bacteroidia,o__Flavobacteriales,f__Flavobacteriaceae,g__uncultured,
OTU64,k__Bacteria,p__Cyanobacteria,c__Melainabacteria,o__Gastranaerophilales,__,__,
OTU65,k__Bacteria,p__Cyanobacteria,c__Melainabacteria,o__Gastranaerophilales,f__Candidatus Melainabacteria bacterium MEL.A1,g__Candidatus Melainabacteria bacterium MEL.A1,
OTU66,k__Bacteria,p__Cyanobacteria,c__Oxyphotobacteria,o__Chloroplast,__,__,
OTU67,k__Bacteria,p__Cyanobacteria,c__Oxyphotobacteria,o__Chloroplast,f__Carnegiea gigantea,g__Carnegiea gigantea,
OTU68,k__Bacteria,p__Cyanobacteria,c__Oxyphotobacteria,o__Chloroplast,f__Phaseolus acutifolius (tepary bean),g__Phaseolus acutifolius (tepary bean),
OTU69,k__Bacteria,p__Deinococcus-Thermus,c__Deinococci,o__Deinococcales,f__Deinococcaceae,g__Deinococcus,
OTU70,k__Bacteria,p__Epsilonbacteraeota,c__Campylobacteria,o__Campylobacterales,f__Campylobacteraceae,g__Campylobacter,
OTU71,k__Bacteria,p__Firmicutes,c__Bacilli,o__Bacillales,f__Bacillaceae,g__Anoxybacillus,
OTU72,k__Bacteria,p__Firmicutes,c__Bacilli,o__Bacillales,f__Bacillaceae,g__Bacillus,
OTU73,k__Bacteria,p__Firmicutes,c__Bacilli,o__Bacillales,f__Family XI,g__Gemella,
OTU74,k__Bacteria,p__Firmicutes,c__Bacilli,o__Bacillales,f__Planococcaceae,g__Lysinibacillus,
OTU75,k__Bacteria,p__Firmicutes,c__Bacilli,o__Bacillales,f__Staphylococcaceae,g__Macrococcus,
OTU76,k__Bacteria,p__Firmicutes,c__Bacilli,o__Bacillales,f__Staphylococcaceae,g__Staphylococcus,
OTU77,k__Bacteria,p__Firmicutes,c__Bacilli,o__Lactobacillales,f__Aerococcaceae,g__Abiotrophia,
OTU78,k__Bacteria,p__Firmicutes,c__Bacilli,o__Lactobacillales,f__Carnobacteriaceae,g__Granulicatella,
OTU79,k__Bacteria,p__Firmicutes,c__Bacilli,o__Lactobacillales,f__Carnobacteriaceae,g__Jeotgalibaca,
OTU80,k__Bacteria,p__Firmicutes,c__Bacilli,o__Lactobacillales,f__Enterococcaceae,g__Enterococcus,
OTU81,k__Bacteria,p__Firmicutes,c__Bacilli,o__Lactobacillales,f__Enterococcaceae,g__Vagococcus,
OTU82,k__Bacteria,p__Firmicutes,c__Bacilli,o__Lactobacillales,f__Lactobacillaceae,g__Lactobacillus,
OTU83,k__Bacteria,p__Firmicutes,c__Bacilli,o__Lactobacillales,f__Lactobacillaceae,g__Pediococcus,
OTU84,k__Bacteria,p__Firmicutes,c__Bacilli,o__Lactobacillales,f__Leuconostocaceae,g__Leuconostoc,
OTU85,k__Bacteria,p__Firmicutes,c__Bacilli,o__Lactobacillales,f__Leuconostocaceae,g__Weissella,
OTU86,k__Bacteria,p__Firmicutes,c__Bacilli,o__Lactobacillales,f__Streptococcaceae,g__Lactococcus,
OTU87,k__Bacteria,p__Firmicutes,c__Bacilli,o__Lactobacillales,f__Streptococcaceae,g__Streptococcus,
OTU88,k__Bacteria,p__Firmicutes,c__Clostridia,o__Clostridiales,__,__,
OTU89,k__Bacteria,p__Firmicutes,c__Clostridia,o__Clostridiales,f__Christensenellaceae,__,
OTU90,k__Bacteria,p__Firmicutes,c__Clostridia,o__Clostridiales,f__Christensenellaceae,g__Catabacter,
OTU91,k__Bacteria,p__Firmicutes,c__Clostridia,o__Clostridiales,f__Christensenellaceae,g__Christensenella,
OTU92,k__Bacteria,p__Firmicutes,c__Clostridia,o__Clostridiales,f__Christensenellaceae,g__Christensenellaceae R-7 group,
OTU93,k__Bacteria,p__Firmicutes,c__Clostridia,o__Clostridiales,f__Christensenellaceae,g__uncultured,
OTU94,k__Bacteria,p__Firmicutes,c__Clostridia,o__Clostridiales,f__Clostridiaceae 1,g__Candidatus Arthromitus,
OTU95,k__Bacteria,p__Firmicutes,c__Clostridia,o__Clostridiales,f__Clostridiaceae 1,g__Clostridium sensu stricto 1,
OTU96,k__Bacteria,p__Firmicutes,c__Clostridia,o__Clostridiales,f__Clostridiaceae 1,g__Sarcina,
OTU97,k__Bacteria,p__Firmicutes,c__Clostridia,o__Clostridiales,f__Clostridiales vadinBB60 group,g__gut metagenome,
OTU98,k__Bacteria,p__Firmicutes,c__Clostridia,o__Clostridiales,f__Clostridiales vadinBB60 group,g__metagenome,
OTU99,k__Bacteria,p__Firmicutes,c__Clostridia,o__Clostridiales,f__Clostridiales vadinBB60 group,g__uncultured Clostridia bacterium,
OTU100,k__Bacteria,p__Firmicutes,c__Clostridia,o__Clostridiales,f__Clostridiales vadinBB60 group,g__uncultured Thermoanaerobacterales bacterium,
OTU101,k__Bacteria,p__Firmicutes,c__Clostridia,o__Clostridiales,f__Clostridiales vadinBB60 group,g__uncultured bacterium,
OTU102,k__Bacteria,p__Firmicutes,c__Clostridia,o__Clostridiales,f__Clostridiales vadinBB60 group,g__uncultured organism,
OTU103,k__Bacteria,p__Firmicutes,c__Clostridia,o__Clostridiales,f__Defluviitaleaceae,g__Defluviitaleaceae UCG-011,
OTU104,k__Bacteria,p__Firmicutes,c__Clostridia,o__Clostridiales,f__Eubacteriaceae,g__Anaerofustis,
OTU105,k__Bacteria,p__Firmicutes,c__Clostridia,o__Clostridiales,f__Eubacteriaceae,g__Eubacterium,
OTU106,k__Bacteria,p__Firmicutes,c__Clostridia,o__Clostridiales,f__Eubacteriaceae,g__Pseudoramibacter,
OTU107,k__Bacteria,p__Firmicutes,c__Clostridia,o__Clostridiales,f__Family XI,g__Anaerococcus,
OTU108,k__Bacteria,p__Firmicutes,c__Clostridia,o__Clostridiales,f__Family XI,g__Ezakiella,
OTU109,k__Bacteria,p__Firmicutes,c__Clostridia,o__Clostridiales,f__Family XI,g__Finegoldia,
OTU110,k__Bacteria,p__Firmicutes,c__Clostridia,o__Clostridiales,f__Family XI,g__Parvimonas,
OTU111,k__Bacteria,p__Firmicutes,c__Clostridia,o__Clostridiales,f__Family XI,g__Peptoniphilus,
OTU112,k__Bacteria,p__Firmicutes,c__Clostridia,o__Clostridiales,f__Family XIII,g__Family XIII AD3011 group,
OTU113,k__Bacteria,p__Firmicutes,c__Clostridia,o__Clostridiales,f__Family XIII,g__Family XIII UCG-001,
OTU114,k__Bacteria,p__Firmicutes,c__Clostridia,o__Clostridiales,f__Family XIII,g__Mogibacterium,
OTU115,k__Bacteria,p__Firmicutes,c__Clostridia,o__Clostridiales,f__Family XIII,g__[Eubacterium] brachy group,
OTU116,k__Bacteria,p__Firmicutes,c__Clostridia,o__Clostridiales,f__Family XIII,g__[Eubacterium] nodatum group,
OTU117,k__Bacteria,p__Firmicutes,c__Clostridia,o__Clostridiales,f__Lachnospiraceae,__,
OTU118,k__Bacteria,p__Firmicutes,c__Clostridia,o__Clostridiales,f__Lachnospiraceae,g__A2,
OTU119,k__Bacteria,p__Firmicutes,c__Clostridia,o__Clostridiales,f__Lachnospiraceae,g__Acetatifactor,
OTU120,k__Bacteria,p__Firmicutes,c__Clostridia,o__Clostridiales,f__Lachnospiraceae,g__Acetitomaculum,
OTU121,k__Bacteria,p__Firmicutes,c__Clostridia,o__Clostridiales,f__Lachnospiraceae,g__Agathobacter,
OTU122,k__Bacteria,p__Firmicutes,c__Clostridia,o__Clostridiales,f__Lachnospiraceae,g__Anaerostipes,
OTU123,k__Bacteria,p__Firmicutes,c__Clostridia,o__Clostridiales,f__Lachnospiraceae,g__Blautia,
OTU124,k__Bacteria,p__Firmicutes,c__Clostridia,o__Clostridiales,f__Lachnospiraceae,g__CAG-56,
OTU125,k__Bacteria,p__Firmicutes,c__Clostridia,o__Clostridiales,f__Lachnospiraceae,g__Cellulosilyticum,
OTU126,k__Bacteria,p__Firmicutes,c__Clostridia,o__Clostridiales,f__Lachnospiraceae,g__Coprococcus 1,
OTU127,k__Bacteria,p__Firmicutes,c__Clostridia,o__Clostridiales,f__Lachnospiraceae,g__Coprococcus 2,
OTU128,k__Bacteria,p__Firmicutes,c__Clostridia,o__Clostridiales,f__Lachnospiraceae,g__Coprococcus 3,
OTU129,k__Bacteria,p__Firmicutes,c__Clostridia,o__Clostridiales,f__Lachnospiraceae,g__Dorea,
OTU130,k__Bacteria,p__Firmicutes,c__Clostridia,o__Clostridiales,f__Lachnospiraceae,g__Eisenbergiella,
OTU131,k__Bacteria,p__Firmicutes,c__Clostridia,o__Clostridiales,f__Lachnospiraceae,g__Fusicatenibacter,
OTU132,k__Bacteria,p__Firmicutes,c__Clostridia,o__Clostridiales,f__Lachnospiraceae,g__GCA-900066575,
OTU133,k__Bacteria,p__Firmicutes,c__Clostridia,o__Clostridiales,f__Lachnospiraceae,g__Howardella,
OTU134,k__Bacteria,p__Firmicutes,c__Clostridia,o__Clostridiales,f__Lachnospiraceae,g__Hungatella,
OTU135,k__Bacteria,p__Firmicutes,c__Clostridia,o__Clostridiales,f__Lachnospiraceae,g__Lachnoclostridium,
OTU136,k__Bacteria,p__Firmicutes,c__Clostridia,o__Clostridiales,f__Lachnospiraceae,g__Lachnoclostridium 12,
OTU137,k__Bacteria,p__Firmicutes,c__Clostridia,o__Clostridiales,f__Lachnospiraceae,g__Lachnospira,
OTU138,k__Bacteria,p__Firmicutes,c__Clostridia,o__Clostridiales,f__Lachnospiraceae,g__Lachnospiraceae FCS020 group,
OTU139,k__Bacteria,p__Firmicutes,c__Clostridia,o__Clostridiales,f__Lachnospiraceae,g__Lachnospiraceae ND3007 group,
OTU140,k__Bacteria,p__Firmicutes,c__Clostridia,o__Clostridiales,f__Lachnospiraceae,g__Lachnospiraceae NK4A136 group,
OTU141,k__Bacteria,p__Firmicutes,c__Clostridia,o__Clostridiales,f__Lachnospiraceae,g__Lachnospiraceae UCG-001,
OTU142,k__Bacteria,p__Firmicutes,c__Clostridia,o__Clostridiales,f__Lachnospiraceae,g__Lachnospiraceae UCG-003,
OTU143,k__Bacteria,p__Firmicutes,c__Clostridia,o__Clostridiales,f__Lachnospiraceae,g__Lachnospiraceae UCG-004,
OTU144,k__Bacteria,p__Firmicutes,c__Clostridia,o__Clostridiales,f__Lachnospiraceae,g__Lachnospiraceae UCG-006,
OTU145,k__Bacteria,p__Firmicutes,c__Clostridia,o__Clostridiales,f__Lachnospiraceae,g__Lachnospiraceae UCG-010,
OTU146,k__Bacteria,p__Firmicutes,c__Clostridia,o__Clostridiales,f__Lachnospiraceae,g__Lactonifactor,
OTU147,k__Bacteria,p__Firmicutes,c__Clostridia,o__Clostridiales,f__Lachnospiraceae,g__Marvinbryantia,
OTU148,k__Bacteria,p__Firmicutes,c__Clostridia,o__Clostridiales,f__Lachnospiraceae,g__Moryella,
OTU149,k__Bacteria,p__Firmicutes,c__Clostridia,o__Clostridiales,f__Lachnospiraceae,g__Murimonas,
OTU150,k__Bacteria,p__Firmicutes,c__Clostridia,o__Clostridiales,f__Lachnospiraceae,g__Oribacterium,
OTU151,k__Bacteria,p__Firmicutes,c__Clostridia,o__Clostridiales,f__Lachnospiraceae,g__Robinsoniella,
OTU152,k__Bacteria,p__Firmicutes,c__Clostridia,o__Clostridiales,f__Lachnospiraceae,g__Roseburia,
OTU153,k__Bacteria,p__Firmicutes,c__Clostridia,o__Clostridiales,f__Lachnospiraceae,g__Sellimonas,
OTU154,k__Bacteria,p__Firmicutes,c__Clostridia,o__Clostridiales,f__Lachnospiraceae,g__Shuttleworthia,
OTU155,k__Bacteria,p__Firmicutes,c__Clostridia,o__Clostridiales,f__Lachnospiraceae,g__Tyzzerella,
OTU156,k__Bacteria,p__Firmicutes,c__Clostridia,o__Clostridiales,f__Lachnospiraceae,g__Tyzzerella 3,
OTU157,k__Bacteria,p__Firmicutes,c__Clostridia,o__Clostridiales,f__Lachnospiraceae,g__Tyzzerella 4,
OTU158,k__Bacteria,p__Firmicutes,c__Clostridia,o__Clostridiales,f__Lachnospiraceae,g__UC5-1-2E3,
OTU159,k__Bacteria,p__Firmicutes,c__Clostridia,o__Clostridiales,f__Lachnospiraceae,g__[Eubacterium] eligens group,
OTU160,k__Bacteria,p__Firmicutes,c__Clostridia,o__Clostridiales,f__Lachnospiraceae,g__[Eubacterium] fissicatena group,
OTU161,k__Bacteria,p__Firmicutes,c__Clostridia,o__Clostridiales,f__Lachnospiraceae,g__[Eubacterium] hallii group,
OTU162,k__Bacteria,p__Firmicutes,c__Clostridia,o__Clostridiales,f__Lachnospiraceae,g__[Eubacterium] ruminantium group,
OTU163,k__Bacteria,p__Firmicutes,c__Clostridia,o__Clostridiales,f__Lachnospiraceae,g__[Eubacterium] ventriosum group,
OTU164,k__Bacteria,p__Firmicutes,c__Clostridia,o__Clostridiales,f__Lachnospiraceae,g__[Eubacterium] xylanophilum group,
OTU165,k__Bacteria,p__Firmicutes,c__Clostridia,o__Clostridiales,f__Lachnospiraceae,g__[Ruminococcus] gauvreauii group,
OTU166,k__Bacteria,p__Firmicutes,c__Clostridia,o__Clostridiales,f__Lachnospiraceae,g__[Ruminococcus] gnavus group,
OTU167,k__Bacteria,p__Firmicutes,c__Clostridia,o__Clostridiales,f__Lachnospiraceae,g__[Ruminococcus] torques group,
OTU168,k__Bacteria,p__Firmicutes,c__Clostridia,o__Clostridiales,f__Lachnospiraceae,g__uncultured,
OTU169,k__Bacteria,p__Firmicutes,c__Clostridia,o__Clostridiales,f__Peptococcaceae,g__Peptococcus,
OTU170,k__Bacteria,p__Firmicutes,c__Clostridia,o__Clostridiales,f__Peptococcaceae,g__uncultured,
OTU171,k__Bacteria,p__Firmicutes,c__Clostridia,o__Clostridiales,f__Peptostreptococcaceae,g__Clostridioides,
OTU172,k__Bacteria,p__Firmicutes,c__Clostridia,o__Clostridiales,f__Peptostreptococcaceae,g__Intestinibacter,
OTU173,k__Bacteria,p__Firmicutes,c__Clostridia,o__Clostridiales,f__Peptostreptococcaceae,g__Paeniclostridium,
OTU174,k__Bacteria,p__Firmicutes,c__Clostridia,o__Clostridiales,f__Peptostreptococcaceae,g__Peptoclostridium,
OTU175,k__Bacteria,p__Firmicutes,c__Clostridia,o__Clostridiales,f__Peptostreptococcaceae,g__Peptostreptococcus,
OTU176,k__Bacteria,p__Firmicutes,c__Clostridia,o__Clostridiales,f__Peptostreptococcaceae,g__Romboutsia,
OTU177,k__Bacteria,p__Firmicutes,c__Clostridia,o__Clostridiales,f__Peptostreptococcaceae,g__Terrisporobacter,
OTU178,k__Bacteria,p__Firmicutes,c__Clostridia,o__Clostridiales,f__Ruminococcaceae,__,
OTU179,k__Bacteria,p__Firmicutes,c__Clostridia,o__Clostridiales,f__Ruminococcaceae,g__Acetanaerobacterium,
OTU180,k__Bacteria,p__Firmicutes,c__Clostridia,o__Clostridiales,f__Ruminococcaceae,g__Anaerotruncus,
OTU181,k__Bacteria,p__Firmicutes,c__Clostridia,o__Clostridiales,f__Ruminococcaceae,g__Butyricicoccus,
OTU182,k__Bacteria,p__Firmicutes,c__Clostridia,o__Clostridiales,f__Ruminococcaceae,g__CAG-352,
OTU183,k__Bacteria,p__Firmicutes,c__Clostridia,o__Clostridiales,f__Ruminococcaceae,g__Candidatus Soleaferrea,
OTU184,k__Bacteria,p__Firmicutes,c__Clostridia,o__Clostridiales,f__Ruminococcaceae,g__Caproiciproducens,
OTU185,k__Bacteria,p__Firmicutes,c__Clostridia,o__Clostridiales,f__Ruminococcaceae,g__DTU089,
OTU186,k__Bacteria,p__Firmicutes,c__Clostridia,o__Clostridiales,f__Ruminococcaceae,g__Faecalibacterium,
OTU187,k__Bacteria,p__Firmicutes,c__Clostridia,o__Clostridiales,f__Ruminococcaceae,g__Flavonifractor,
OTU188,k__Bacteria,p__Firmicutes,c__Clostridia,o__Clostridiales,f__Ruminococcaceae,g__Fournierella,
OTU189,k__Bacteria,p__Firmicutes,c__Clostridia,o__Clostridiales,f__Ruminococcaceae,g__GCA-900066225,
OTU190,k__Bacteria,p__Firmicutes,c__Clostridia,o__Clostridiales,f__Ruminococcaceae,g__Hydrogenoanaerobacterium,
OTU191,k__Bacteria,p__Firmicutes,c__Clostridia,o__Clostridiales,f__Ruminococcaceae,g__Intestinimonas,
OTU192,k__Bacteria,p__Firmicutes,c__Clostridia,o__Clostridiales,f__Ruminococcaceae,g__Negativibacillus,
OTU193,k__Bacteria,p__Firmicutes,c__Clostridia,o__Clostridiales,f__Ruminococcaceae,g__Oscillibacter,
OTU194,k__Bacteria,p__Firmicutes,c__Clostridia,o__Clostridiales,f__Ruminococcaceae,g__Oscillospira,
OTU195,k__Bacteria,p__Firmicutes,c__Clostridia,o__Clostridiales,f__Ruminococcaceae,g__Phocea,
OTU196,k__Bacteria,p__Firmicutes,c__Clostridia,o__Clostridiales,f__Ruminococcaceae,g__Pygmaiobacter,
OTU197,k__Bacteria,p__Firmicutes,c__Clostridia,o__Clostridiales,f__Ruminococcaceae,g__Ruminiclostridium,
OTU198,k__Bacteria,p__Firmicutes,c__Clostridia,o__Clostridiales,f__Ruminococcaceae,g__Ruminiclostridium 1,
OTU199,k__Bacteria,p__Firmicutes,c__Clostridia,o__Clostridiales,f__Ruminococcaceae,g__Ruminiclostridium 5,
OTU200,k__Bacteria,p__Firmicutes,c__Clostridia,o__Clostridiales,f__Ruminococcaceae,g__Ruminiclostridium 6,
OTU201,k__Bacteria,p__Firmicutes,c__Clostridia,o__Clostridiales,f__Ruminococcaceae,g__Ruminiclostridium 9,
OTU202,k__Bacteria,p__Firmicutes,c__Clostridia,o__Clostridiales,f__Ruminococcaceae,g__Ruminococcaceae NK4A214 group,
OTU203,k__Bacteria,p__Firmicutes,c__Clostridia,o__Clostridiales,f__Ruminococcaceae,g__Ruminococcaceae UCG-002,
OTU204,k__Bacteria,p__Firmicutes,c__Clostridia,o__Clostridiales,f__Ruminococcaceae,g__Ruminococcaceae UCG-003,
OTU205,k__Bacteria,p__Firmicutes,c__Clostridia,o__Clostridiales,f__Ruminococcaceae,g__Ruminococcaceae UCG-004,
OTU206,k__Bacteria,p__Firmicutes,c__Clostridia,o__Clostridiales,f__Ruminococcaceae,g__Ruminococcaceae UCG-005,
OTU207,k__Bacteria,p__Firmicutes,c__Clostridia,o__Clostridiales,f__Ruminococcaceae,g__Ruminococcaceae UCG-008,
OTU208,k__Bacteria,p__Firmicutes,c__Clostridia,o__Clostridiales,f__Ruminococcaceae,g__Ruminococcaceae UCG-009,
OTU209,k__Bacteria,p__Firmicutes,c__Clostridia,o__Clostridiales,f__Ruminococcaceae,g__Ruminococcaceae UCG-010,
OTU210,k__Bacteria,p__Firmicutes,c__Clostridia,o__Clostridiales,f__Ruminococcaceae,g__Ruminococcaceae UCG-011,
OTU211,k__Bacteria,p__Firmicutes,c__Clostridia,o__Clostridiales,f__Ruminococcaceae,g__Ruminococcaceae UCG-013,
OTU212,k__Bacteria,p__Firmicutes,c__Clostridia,o__Clostridiales,f__Ruminococcaceae,g__Ruminococcaceae UCG-014,
OTU213,k__Bacteria,p__Firmicutes,c__Clostridia,o__Clostridiales,f__Ruminococcaceae,g__Ruminococcus 1,
OTU214,k__Bacteria,p__Firmicutes,c__Clostridia,o__Clostridiales,f__Ruminococcaceae,g__Ruminococcus 2,
OTU215,k__Bacteria,p__Firmicutes,c__Clostridia,o__Clostridiales,f__Ruminococcaceae,g__Subdoligranulum,
OTU216,k__Bacteria,p__Firmicutes,c__Clostridia,o__Clostridiales,f__Ruminococcaceae,g__UBA1819,
OTU217,k__Bacteria,p__Firmicutes,c__Clostridia,o__Clostridiales,f__Ruminococcaceae,g__[Eubacterium] coprostanoligenes group,
OTU218,k__Bacteria,p__Firmicutes,c__Clostridia,o__Clostridiales,f__Ruminococcaceae,g__uncultured,
OTU219,k__Bacteria,p__Firmicutes,c__Erysipelotrichia,o__Erysipelotrichales,f__Erysipelotrichaceae,g__Allobaculum,
OTU220,k__Bacteria,p__Firmicutes,c__Erysipelotrichia,o__Erysipelotrichales,f__Erysipelotrichaceae,g__Asteroleplasma,
OTU221,k__Bacteria,p__Firmicutes,c__Erysipelotrichia,o__Erysipelotrichales,f__Erysipelotrichaceae,g__Candidatus Stoquefichus,
OTU222,k__Bacteria,p__Firmicutes,c__Erysipelotrichia,o__Erysipelotrichales,f__Erysipelotrichaceae,g__Catenibacterium,
OTU223,k__Bacteria,p__Firmicutes,c__Erysipelotrichia,o__Erysipelotrichales,f__Erysipelotrichaceae,g__Coprobacillus,
OTU224,k__Bacteria,p__Firmicutes,c__Erysipelotrichia,o__Erysipelotrichales,f__Erysipelotrichaceae,g__Dielma,
OTU225,k__Bacteria,p__Firmicutes,c__Erysipelotrichia,o__Erysipelotrichales,f__Erysipelotrichaceae,g__Dubosiella,
OTU226,k__Bacteria,p__Firmicutes,c__Erysipelotrichia,o__Erysipelotrichales,f__Erysipelotrichaceae,g__Erysipelatoclostridium,
OTU227,k__Bacteria,p__Firmicutes,c__Erysipelotrichia,o__Erysipelotrichales,f__Erysipelotrichaceae,g__Erysipelotrichaceae UCG-003,
OTU228,k__Bacteria,p__Firmicutes,c__Erysipelotrichia,o__Erysipelotrichales,f__Erysipelotrichaceae,g__Faecalicoccus,
OTU229,k__Bacteria,p__Firmicutes,c__Erysipelotrichia,o__Erysipelotrichales,f__Erysipelotrichaceae,g__Faecalitalea,
OTU230,k__Bacteria,p__Firmicutes,c__Erysipelotrichia,o__Erysipelotrichales,f__Erysipelotrichaceae,g__Holdemanella,
OTU231,k__Bacteria,p__Firmicutes,c__Erysipelotrichia,o__Erysipelotrichales,f__Erysipelotrichaceae,g__Holdemania,
OTU232,k__Bacteria,p__Firmicutes,c__Erysipelotrichia,o__Erysipelotrichales,f__Erysipelotrichaceae,g__Solobacterium,
OTU233,k__Bacteria,p__Firmicutes,c__Erysipelotrichia,o__Erysipelotrichales,f__Erysipelotrichaceae,g__Turicibacter,
OTU234,k__Bacteria,p__Firmicutes,c__Erysipelotrichia,o__Erysipelotrichales,f__Erysipelotrichaceae,g__[Clostridium] innocuum group,
OTU235,k__Bacteria,p__Firmicutes,c__Erysipelotrichia,o__Erysipelotrichales,f__Erysipelotrichaceae,g__uncultured,
OTU236,k__Bacteria,p__Firmicutes,c__Erysipelotrichia,o__Erysipelotrichales,f__Erysipelotrichaceae,g__uncultured bacterium,
OTU237,k__Bacteria,p__Firmicutes,c__Negativicutes,o__Selenomonadales,f__Acidaminococcaceae,g__Acidaminococcus,
OTU238,k__Bacteria,p__Firmicutes,c__Negativicutes,o__Selenomonadales,f__Acidaminococcaceae,g__Phascolarctobacterium,
OTU239,k__Bacteria,p__Firmicutes,c__Negativicutes,o__Selenomonadales,f__Veillonellaceae,g__Allisonella,
OTU240,k__Bacteria,p__Firmicutes,c__Negativicutes,o__Selenomonadales,f__Veillonellaceae,g__Anaeroglobus,
OTU241,k__Bacteria,p__Firmicutes,c__Negativicutes,o__Selenomonadales,f__Veillonellaceae,g__Dialister,
OTU242,k__Bacteria,p__Firmicutes,c__Negativicutes,o__Selenomonadales,f__Veillonellaceae,g__Megamonas,
OTU243,k__Bacteria,p__Firmicutes,c__Negativicutes,o__Selenomonadales,f__Veillonellaceae,g__Megasphaera,
OTU244,k__Bacteria,p__Firmicutes,c__Negativicutes,o__Selenomonadales,f__Veillonellaceae,g__Mitsuokella,
OTU245,k__Bacteria,p__Firmicutes,c__Negativicutes,o__Selenomonadales,f__Veillonellaceae,g__Veillonella,
OTU246,k__Bacteria,p__Fusobacteria,c__Fusobacteriia,o__Fusobacteriales,f__Fusobacteriaceae,g__Cetobacterium,
OTU247,k__Bacteria,p__Fusobacteria,c__Fusobacteriia,o__Fusobacteriales,f__Fusobacteriaceae,g__Fusobacterium,
OTU248,k__Bacteria,p__Fusobacteria,c__Fusobacteriia,o__Fusobacteriales,f__Leptotrichiaceae,g__Sneathia,
OTU249,k__Bacteria,p__Patescibacteria,c__Saccharimonadia,o__Saccharimonadales,f__Saccharimonadaceae,__,
OTU250,k__Bacteria,p__Patescibacteria,c__Saccharimonadia,o__Saccharimonadales,f__Saccharimonadaceae,g__uncultured Candidatus Saccharibacteria bacterium,
OTU251,k__Bacteria,p__Patescibacteria,c__Saccharimonadia,o__Saccharimonadales,f__Saccharimonadaceae,g__uncultured bacterium,
OTU252,k__Bacteria,p__Patescibacteria,c__Saccharimonadia,o__Saccharimonadales,f__TM7 phylum sp. oral clone FR058,g__TM7 phylum sp. oral clone FR058,
OTU253,k__Bacteria,p__Proteobacteria,c__Alphaproteobacteria,o__Caulobacterales,f__Caulobacteraceae,g__Brevundimonas,
OTU254,k__Bacteria,p__Proteobacteria,c__Alphaproteobacteria,o__Rhizobiales,f__Rhizobiaceae,g__Allorhizobium-Neorhizobium-Pararhizobium-Rhizobium,
OTU255,k__Bacteria,p__Proteobacteria,c__Alphaproteobacteria,o__Rhizobiales,f__Rhizobiaceae,g__Mesorhizobium,
OTU256,k__Bacteria,p__Proteobacteria,c__Alphaproteobacteria,o__Rhizobiales,f__Rhizobiaceae,g__Paenochrobactrum,
OTU257,k__Bacteria,p__Proteobacteria,c__Alphaproteobacteria,o__Rhodobacterales,f__Rhodobacteraceae,g__Paracoccus,
OTU258,k__Bacteria,p__Proteobacteria,c__Alphaproteobacteria,o__Rhodospirillales,f__uncultured,g__Azospirillum sp. 47_25,
OTU259,k__Bacteria,p__Proteobacteria,c__Alphaproteobacteria,o__Rickettsiales,f__Mitochondria,__,
OTU260,k__Bacteria,p__Proteobacteria,c__Alphaproteobacteria,o__Rickettsiales,f__Mitochondria,g__Amaranthus tricolor,
OTU261,k__Bacteria,p__Proteobacteria,c__Alphaproteobacteria,o__Sphingomonadales,f__Sphingomonadaceae,g__Qipengyuania,
OTU262,k__Bacteria,p__Proteobacteria,c__Deltaproteobacteria,o__Desulfovibrionales,f__Desulfovibrionaceae,g__Bilophila,
OTU263,k__Bacteria,p__Proteobacteria,c__Deltaproteobacteria,o__Desulfovibrionales,f__Desulfovibrionaceae,g__Desulfovibrio,
OTU264,k__Bacteria,p__Proteobacteria,c__Gammaproteobacteria,o__Aeromonadales,f__Succinivibrionaceae,g__Succinivibrio,
OTU265,k__Bacteria,p__Proteobacteria,c__Gammaproteobacteria,o__Betaproteobacteriales,f__Burkholderiaceae,g__Alcaligenes,
OTU266,k__Bacteria,p__Proteobacteria,c__Gammaproteobacteria,o__Betaproteobacteriales,f__Burkholderiaceae,g__Comamonas,
OTU267,k__Bacteria,p__Proteobacteria,c__Gammaproteobacteria,o__Betaproteobacteriales,f__Burkholderiaceae,g__Janthinobacterium,
OTU268,k__Bacteria,p__Proteobacteria,c__Gammaproteobacteria,o__Betaproteobacteriales,f__Burkholderiaceae,g__Oxalobacter,
OTU269,k__Bacteria,p__Proteobacteria,c__Gammaproteobacteria,o__Betaproteobacteriales,f__Burkholderiaceae,g__Parasutterella,
OTU270,k__Bacteria,p__Proteobacteria,c__Gammaproteobacteria,o__Betaproteobacteriales,f__Burkholderiaceae,g__Ralstonia,
OTU271,k__Bacteria,p__Proteobacteria,c__Gammaproteobacteria,o__Betaproteobacteriales,f__Burkholderiaceae,g__Sutterella,
OTU272,k__Bacteria,p__Proteobacteria,c__Gammaproteobacteria,o__Betaproteobacteriales,f__Neisseriaceae,g__Eikenella,
OTU273,k__Bacteria,p__Proteobacteria,c__Gammaproteobacteria,o__Betaproteobacteriales,f__Neisseriaceae,g__Neisseria,
OTU274,k__Bacteria,p__Proteobacteria,c__Gammaproteobacteria,o__Cardiobacteriales,f__Cardiobacteriaceae,g__Cardiobacterium,
OTU275,k__Bacteria,p__Proteobacteria,c__Gammaproteobacteria,o__Cardiobacteriales,f__Wohlfahrtiimonadaceae,g__Wohlfahrtiimonas,
OTU276,k__Bacteria,p__Proteobacteria,c__Gammaproteobacteria,o__Enterobacteriales,f__Enterobacteriaceae,__,
OTU277,k__Bacteria,p__Proteobacteria,c__Gammaproteobacteria,o__Enterobacteriales,f__Enterobacteriaceae,g__Citrobacter,
OTU278,k__Bacteria,p__Proteobacteria,c__Gammaproteobacteria,o__Enterobacteriales,f__Enterobacteriaceae,g__Cronobacter,
OTU279,k__Bacteria,p__Proteobacteria,c__Gammaproteobacteria,o__Enterobacteriales,f__Enterobacteriaceae,g__Enterobacter,
OTU280,k__Bacteria,p__Proteobacteria,c__Gammaproteobacteria,o__Enterobacteriales,f__Enterobacteriaceae,g__Escherichia-Shigella,
OTU281,k__Bacteria,p__Proteobacteria,c__Gammaproteobacteria,o__Enterobacteriales,f__Enterobacteriaceae,g__Hafnia-Obesumbacterium,
OTU282,k__Bacteria,p__Proteobacteria,c__Gammaproteobacteria,o__Enterobacteriales,f__Enterobacteriaceae,g__Klebsiella,
OTU283,k__Bacteria,p__Proteobacteria,c__Gammaproteobacteria,o__Enterobacteriales,f__Enterobacteriaceae,g__Kluyvera,
OTU284,k__Bacteria,p__Proteobacteria,c__Gammaproteobacteria,o__Enterobacteriales,f__Enterobacteriaceae,g__Morganella,
OTU285,k__Bacteria,p__Proteobacteria,c__Gammaproteobacteria,o__Enterobacteriales,f__Enterobacteriaceae,g__Proteus,
OTU286,k__Bacteria,p__Proteobacteria,c__Gammaproteobacteria,o__Enterobacteriales,f__Enterobacteriaceae,g__Raoultella,
OTU287,k__Bacteria,p__Proteobacteria,c__Gammaproteobacteria,o__Pasteurellales,f__Pasteurellaceae,g__Actinobacillus,
OTU288,k__Bacteria,p__Proteobacteria,c__Gammaproteobacteria,o__Pasteurellales,f__Pasteurellaceae,g__Aggregatibacter,
OTU289,k__Bacteria,p__Proteobacteria,c__Gammaproteobacteria,o__Pasteurellales,f__Pasteurellaceae,g__Haemophilus,
OTU290,k__Bacteria,p__Proteobacteria,c__Gammaproteobacteria,o__Pseudomonadales,f__Moraxellaceae,g__Acinetobacter,
OTU291,k__Bacteria,p__Proteobacteria,c__Gammaproteobacteria,o__Pseudomonadales,f__Moraxellaceae,g__Psychrobacter,
OTU292,k__Bacteria,p__Proteobacteria,c__Gammaproteobacteria,o__Pseudomonadales,f__Pseudomonadaceae,g__Pseudomonas,
OTU293,k__Bacteria,p__Proteobacteria,c__Gammaproteobacteria,o__Xanthomonadales,f__Xanthomonadaceae,g__Stenotrophomonas,
OTU294,k__Bacteria,p__Synergistetes,c__Synergistia,o__Synergistales,f__Synergistaceae,g__Cloacibacillus,
OTU295,k__Bacteria,p__Synergistetes,c__Synergistia,o__Synergistales,f__Synergistaceae,g__Pyramidobacter,
OTU296,k__Bacteria,p__Tenericutes,c__Mollicutes,o__Anaeroplasmatales,f__Anaeroplasmataceae,g__Anaeroplasma,
OTU297,k__Bacteria,p__Tenericutes,c__Mollicutes,o__Mollicutes RF39,__,__,
OTU298,k__Bacteria,p__Tenericutes,c__Mollicutes,o__Mollicutes RF39,f__gut metagenome,g__gut metagenome,
OTU299,k__Bacteria,p__Tenericutes,c__Mollicutes,o__Mollicutes RF39,f__metagenome,g__metagenome,
OTU300,k__Bacteria,p__Tenericutes,c__Mollicutes,o__Mollicutes RF39,f__uncultured bacterium adhufec202,g__uncultured bacterium adhufec202,
OTU301,k__Bacteria,p__Tenericutes,c__Mollicutes,o__Mollicutes RF39,f__uncultured bacterium,g__uncultured bacterium,
OTU302,k__Bacteria,p__Tenericutes,c__Mollicutes,o__Mollicutes RF39,f__unidentified rumen bacterium RF39,g__unidentified rumen bacterium RF39,
OTU303,k__Bacteria,p__Tenericutes,c__Mollicutes,o__Mycoplasmatales,f__Mycoplasmataceae,g__Mycoplasma,
OTU304,k__Bacteria,p__Verrucomicrobia,c__Verrucomicrobiae,o__Verrucomicrobiales,f__Akkermansiaceae,g__Akkermansia,
